ticker,sector,industry,price,avg_volume,market_cap
AACPU,Financial,Shell Companies,10.03,256358.0,177820000.0
ABAT,Industrials,Waste Management,2.85,4168433.0,375370000.0
ABCL,Healthcare,Biotechnology,3.54,2402257.0,1070000000.0000001
ABEO,Healthcare,Biotechnology,4.91,3277130.0,280110000.0
ABOS,Healthcare,Biotechnology,2.47,262683.0,178370000.0
ABR,Real Estate,REIT - Mortgage,7.5,1887834.0,1450000000.0
ABSI,Healthcare,Biotechnology,2.98,3849598.0,456000000.0
ABTS,Financial,Capital Markets,1.18,14966.0,2800000.0
ABUS,Healthcare,Biotechnology,4.15,2674268.0,811230000.0
ABX,Financial,Insurance - Life,8.12,664605.0,783920000.0
ACB,Healthcare,Drug Manufacturers - Specialty & Generic,3.43,328695.0,194520000.0
ACCL,Industrials,Consulting Services,1.38,4731.0,19250000.0
ACCO,Industrials,Business Equipment & Supplies,3.01,1482488.0,271410000.0
ACDC,Energy,Oil & Gas Equipment & Services,5.88,1061156.0,1060000000.0
ACGCU,Financial,Shell Companies,9.95,451055.0,203830000.0
ACH,Healthcare,Medical Distribution,2.81,530631.0,214790000.0
ACHV,Healthcare,Biotechnology,3.49,567006.0,185810000.0
ACP,Financial,Closed-End Fund - Debt,5.31,498656.0,666250000.0
ACRE,Real Estate,REIT - Mortgage,5.02,339831.0,277950000.0
ACRS,Healthcare,Biotechnology,4.04,617379.0,487200000.0
ACRV,Healthcare,Biotechnology,1.56,415095.0,60440000.0
ACVA,Consumer Cyclical,Auto & Truck Dealerships,4.33,2556148.0,753730000.0
ACXP,Healthcare,Biotechnology,2.61,132089.0,7450000.0
ADAM,Real Estate,REIT - Mortgage,7.59,524463.0,686700000.0
ADCT,Healthcare,Biotechnology,3.74,644118.0,475150000.0
ADNT,Consumer Cyclical,Auto Parts,20.42,727130.0,1600000000.0
ADPT,Healthcare,Biotechnology,12.79,3310021.0,1970000000.0
ADTN,Technology,Communication Equipment,15.09,2437472.0,1220000000.0
AEHL,Industrials,Building Products & Equipment,1.08,289546.0,3960000.0
AESI,Energy,Oil & Gas Equipment & Services,11.37,3991782.0,1420000000.0
AEVA,Technology,Software - Infrastructure,13.35,611343.0,840350000.0
AGBK,Financial,Banks - Regional,7.1,497554.0,1140000000.0
AGEN,Healthcare,Biotechnology,3.96,2096281.0,152060000.0
AGH,Consumer Cyclical,Leisure,3.27,554138.0,66230000.00000001
AGIG,Utilities,Utilities - Renewable,1.09,210718.0,47660000.0
AGIO,Healthcare,Biotechnology,32.92,765236.0,1930000000.0
AGPU,Technology,Software - Infrastructure,3.98,456088.0,22050000.0
AHCO,Healthcare,Medical Devices,12.17,644345.0,1650000000.0
AHRT,Real Estate,REIT - Diversified,5.65,759220.0,573120000.0
AI,Technology,Software - Infrastructure,8.28,4336448.0,1200000000.0
AIB,Technology,Software - Application,1.61,1356870.0,60580000.0
AIFF,Technology,Software - Application,1.5,1100304.0,22190000.0
AIMD,Technology,Scientific & Technical Instruments,1.62,9740.0,11770000.0
AIOT,Technology,Software - Infrastructure,2.95,1525909.0,395730000.0
AIRO,Industrials,Aerospace & Defense,7.88,469922.0,247710000.0
AIRS,Healthcare,Medical Care Facilities,2.64,1916915.0,186240000.0
AISP,Technology,Software - Infrastructure,2.07,415127.0,71150000.0
AIV,Real Estate,REIT - Residential,4.08,872209.0,586990000.0
AIXI,Technology,Software - Application,1.22,138560791.0,16410000.0
AKBA,Healthcare,Drug Manufacturers - Specialty & Generic,1.4,2050207.0,375030000.0
ALDX,Healthcare,Biotechnology,1.78,2254048.0,107130000.0
ALEC,Healthcare,Biotechnology,2.45,572940.0,270390000.0
ALGT,Industrials,Airlines,85.58,183525.0,1580000000.0
ALKT,Technology,Software - Application,16.13,1320981.0,1710000000.0
ALLO,Healthcare,Biotechnology,2.72,7799157.0,663080000.0
ALMU,Technology,Semiconductors,10.76,952632.0,193710000.0
ALOY,Basic Materials,Other Industrial Metals & Mining,11.79,4045484.0,705400000.0
ALT,Healthcare,Biotechnology,3.24,1918831.0,421430000.0
ALTO,Basic Materials,Specialty Chemicals,4.8,1884227.0,370620000.0
ALVO,Healthcare,Drug Manufacturers - Specialty & Generic,3.62,174302.0,1130000000.0
ALXO,Healthcare,Biotechnology,1.7,2596949.0,223730000.0
AMC,Communication Services,Entertainment,1.35,30642497.0,786780000.0
AMLX,Healthcare,Drug Manufacturers - Specialty & Generic,16.36,851005.0,1810000000.0
AMN,Healthcare,Medical Care Facilities,17.87,539399.0,690520000.0
AMPG,Technology,Communication Equipment,1.84,352437.0,46610000.0
AMPL,Technology,Software - Application,5.61,1996778.0,750210000.0
AMPY,Energy,Oil & Gas E&P,6.09,884336.0,251300000.0
AMRC,Industrials,Engineering & Construction,26.4,518365.0,1400000000.0
AMSC,Industrials,Specialty Industrial Machinery,37.71,1236481.0,1800000000.0
AMTX,Basic Materials,Specialty Chemicals,2.27,1462830.0,151250000.0
ANGI,Communication Services,Internet Content & Information,6.85,467507.0,274720000.0
ANGX,Communication Services,Entertainment,2.18,11939184.0,369530000.0
ANL,Healthcare,Biotechnology,11.16,377471.0,348640000.0
ANNA,Energy,Oil & Gas E&P,4.99,1765911.0,332600000.0
ANNX,Healthcare,Biotechnology,5.85,2146019.0,938770000.0
ANTX,Healthcare,Biotechnology,2.97,573176.0,106750000.0
ANVS,Healthcare,Biotechnology,1.59,2628523.0,45080000.0
ANY,Financial,Capital Markets,1.45,59939.0,5460000.0
AOD,Financial,Closed-End Fund - Foreign,9.81,325256.0,1030000000.0
APPN,Technology,Software - Infrastructure,20.22,1316770.0,1500000000.0
APPS,Technology,Software - Application,2.82,2365280.0,338120000.0
AQST,Healthcare,Drug Manufacturers - Specialty & Generic,4.08,986914.0,497940000.0
ARCO,Consumer Cyclical,Restaurants,8.5,782733.0,1790000000.0
ARCT,Healthcare,Biotechnology,8.36,373546.0,237620000.0
ARDX,Healthcare,Biotechnology,6.18,3476502.0,1520000000.0
AREC,Basic Materials,Coking Coal,2.19,2549189.0,222560000.0
ARHS,Consumer Cyclical,Specialty Retail,6.77,860073.0,955400000.0
ARI,Real Estate,REIT - Mortgage,10.86,1279280.0,1510000000.0
ARKO,Consumer Cyclical,Specialty Retail,5.44,486036.0,603250000.0
ARLO,Industrials,Building Products & Equipment,13.12,1269280.0,1400000000.0
ARQ,Industrials,Pollution & Treatment Controls,2.17,456549.0,92980000.0
ARRY,Technology,Solar,7.16,2412397.0,1090000000.0
ARTL,Healthcare,Biotechnology,5.95,207713.0,4210000.0
ARVN,Healthcare,Biotechnology,10.82,490193.0,692060000.0
ASAN,Technology,Software - Application,5.46,7426742.0,1300000000.0
ASBP,Healthcare,Biotechnology,1.06,70066.0,5330000.0
ASC,Industrials,Marine Shipping,15.48,434484.0,631620000.0
ASGN,Technology,Information Technology Services,35.32,527929.0,1460000000.0
ASM,Basic Materials,Other Precious Metals & Mining,7.04,3485912.0,1180000000.0
ASPI,Basic Materials,Chemicals,4.48,3986336.0,560490000.0
ASPN,Industrials,Building Products & Equipment,3.34,2048262.0,276640000.0
ASST,Financial,Asset Management,10.63,3854766.0,735430000.0
ASTC,Technology,Scientific & Technical Instruments,3.39,122185.0,5960000.0
ASTH,Healthcare,Medical Care Facilities,27.63,275293.0,1390000000.0
ASTI,Technology,Solar,3.63,620215.0,34350000.0
ASTL,Basic Materials,Steel,4.71,877407.0,494220000.0
ATAI,Healthcare,Biotechnology,3.64,2294376.0,1330000000.0
ATEC,Healthcare,Medical Devices,10.9,1626730.0,1650000000.0
ATEN,Technology,Software - Infrastructure,24.0,839784.0,1720000000.0
ATOM,Technology,Semiconductor Equipment & Materials,5.09,1045383.0,197100000.0
ATPC,Consumer Defensive,Packaged Foods,2.69,15064.0,2690000.0
ATRC,Healthcare,Medical Instruments & Supplies,28.23,1069783.0,1410000000.0
AUID,Technology,Software - Infrastructure,1.03,253636.0,16620000.000000002
AUST,Basic Materials,Gold,1.39,55974.0,19030000.0
AUTL,Healthcare,Biotechnology,1.49,1511765.0,396550000.0
AVAH,Healthcare,Medical Care Facilities,6.22,835083.0,1350000000.0
AVBP,Healthcare,Biotechnology,25.46,337620.0,1130000000.0
AVIR,Healthcare,Biotechnology,5.67,271320.0,451740000.0
AVNS,Healthcare,Medical Devices,14.18,312171.0,659480000.0
AVO,Consumer Defensive,Food Distribution,14.81,670025.0,1050000000.0
AVPT,Technology,Software - Infrastructure,8.99,1660871.0,1940000000.0
AVR,Healthcare,Medical Instruments & Supplies,5.68,517852.0,552280000.0
AVTX,Healthcare,Biotechnology,13.66,679267.0,311290000.0
AVXL,Healthcare,Biotechnology,2.95,1038670.0,273380000.0
AXG,Financial,Capital Markets,3.28,334211.0,617310000.0
AXGN,Healthcare,Medical Devices,31.96,632733.0,1660000000.0
AZI,Consumer Cyclical,Auto & Truck Dealerships,1.66,45211.0,7550000.0
AZTA,Healthcare,Medical Instruments & Supplies,22.21,554201.0,1020000000.0
BAER,Industrials,Security & Protection Services,2.21,361652.0,123590000.0
BAK,Basic Materials,Chemicals,3.78,2163989.0,652160000.0
BATL,Energy,Oil & Gas E&P,3.2,6573353.0,59970000.0
BBAI,Technology,Information Technology Services,3.32,18134531.0,1580000000.0
BBBY,Consumer Cyclical,Internet Retail,4.69,1325984.0,339500000.0
BBDC,Financial,Asset Management,8.34,602023.0,873260000.0
BBGI,Communication Services,Broadcasting,11.76,3951473.0,21240000.0
BBNX,Healthcare,Medical Devices,8.86,2005259.0,393230000.0
BCAR,Financial,Shell Companies,10.12,114910.0,416940000.0
BCAT,Financial,Closed-End Fund - Equity,14.89,390993.0,1560000000.0
BCAX,Healthcare,Biotechnology,21.12,483566.0,1380000000.0
BCG,Financial,Asset Management,1.76,166379.0,29420000.0
BCSF,Financial,Asset Management,12.61,328541.0,817990000.0
BCTX,Healthcare,Biotechnology,4.28,138468.0,31030000.0
BDMD,Healthcare,Medical Devices,1.77,202757.0,65000000.0
BDN,Real Estate,REIT - Office,2.66,1819547.0,463440000.0
BDSX,Healthcare,Diagnostics & Research,13.13,80706.0,129440000.0
BDTX,Healthcare,Biotechnology,2.56,866033.0,146660000.0
BEAT,Healthcare,Health Information Services,1.15,243653.0,47250000.0
BEEM,Technology,Solar,1.51,837136.0,32020000.000000004
BFLY,Healthcare,Medical Devices,4.11,2272476.0,1050000000.0
BGS,Consumer Defensive,Packaged Foods,5.42,1713847.0,433440000.0
BHVN,Healthcare,Biotechnology,9.17,1349477.0,1380000000.0
BIAF,Healthcare,Diagnostics & Research,3.35,354641.0,15070000.0
BIOA,Healthcare,Drug Manufacturers - Specialty & Generic,16.19,294053.0,718510000.0
BITF,Financial,Capital Markets,1.98,0.0,1120000000.0
BIYA,Technology,Software - Application,1.29,77041.0,2069999.9999999998
BKKT,Technology,Software - Infrastructure,8.13,927041.0,248470000.0
BKSY,Industrials,Specialty Business Services,34.14,1514068.0,1260000000.0
BL,Technology,Software - Application,30.29,1898482.0,1800000000.0
BLDP,Industrials,Electrical Equipment & Parts,2.81,2679664.0,845560000.0
BLKB,Technology,Software - Application,34.27,582581.0,1570000000.0
BLMN,Consumer Cyclical,Restaurants,5.93,1262533.0,505400000.0
BLND,Technology,Software - Application,1.42,4225839.0,365100000.0
BLNE,Financial,Mortgage Finance,2.24,174494.0,68650000.0
BLZE,Technology,Software - Infrastructure,3.43,402901.0,206140000.0
BMBL,Communication Services,Internet Content & Information,3.4,2403124.0,441370000.0
BMEA,Healthcare,Biotechnology,1.87,1131151.0,135200000.0
BNAI,Technology,Software - Infrastructure,42.06,194196.0,245380000.0
BNKK,Financial,Asset Management,2.67,67667.0,20960000.0
BOBS,Consumer Cyclical,Specialty Retail,11.1,651053.0,1450000000.0
BORR,Energy,Oil & Gas Drilling,5.9,5913189.0,1820000000.0
BOXL,Technology,Consumer Electronics,1.12,118255.0,1070000.0
BRBR,Consumer Defensive,Packaged Foods,15.01,5078927.0,1760000000.0
BRCB,Consumer Cyclical,Restaurants,14.14,211316.0,707790000.0
BRLS,Consumer Defensive,Packaged Foods,1.45,32885.0,31120000.0
BRR,Financial,Capital Markets,1.91,1631473.0,159340000.0
BRSP,Real Estate,REIT - Mortgage,5.82,450521.0,748610000.0
BTAI,Healthcare,Drug Manufacturers - Specialty & Generic,1.06,772379.0,28700000.0
BTBT,Financial,Capital Markets,1.37,15495352.0,447410000.0
BTCS,Financial,Capital Markets,1.56,404602.0,77620000.0
BTGO,Financial,Capital Markets,8.54,269990.0,986110000.0
BTQ,Technology,Software - Infrastructure,2.38,1660761.0,334150000.0
BTTC,Technology,Software - Application,1.42,113570.0,12900000.0
BUR,Financial,Asset Management,4.36,2075488.0,952310000.0
BV,Industrials,Specialty Business Services,11.78,441804.0,1110000000.0
BYRN,Industrials,Aerospace & Defense,5.68,2063585.0,128850000.0
BZAI,Technology,Software - Application,2.09,6810270.0,256540000.00000003
CABA,Healthcare,Biotechnology,3.13,1177864.0,348440000.0
CADL,Healthcare,Biotechnology,4.83,589655.0,353780000.0
CAL,Consumer Cyclical,Apparel Retail,12.52,678925.0,423700000.0
CANF,Healthcare,Biotechnology,2.92,13268.0,6250000.0
CAPR,Healthcare,Biotechnology,31.2,742822.0,1790000000.0
CARS,Communication Services,Internet Content & Information,9.75,1709104.0,571710000.0
CATX,Healthcare,Medical Devices,4.47,498361.0,509280000.0
CBRL,Consumer Cyclical,Restaurants,28.39,879615.0,634550000.0
CBUS,Healthcare,Biotechnology,1.51,1604633.0,115020000.0
CBZ,Industrials,Specialty Business Services,27.03,683908.0,1490000000.0
CCCC,Healthcare,Biotechnology,2.54,3910786.0,247360000.0
CCO,Communication Services,Advertising Agencies,2.37,3040210.0,1180000000.0
CCOI,Communication Services,Telecom Services,20.31,632811.0,1020000000.0
CCRN,Healthcare,Medical Care Facilities,9.48,316524.0,306380000.0
CDIO,Healthcare,Biotechnology,1.83,67073.0,5420000.0
CDNA,Healthcare,Diagnostics & Research,16.05,784185.0,822020000.0
CDXS,Healthcare,Biotechnology,2.24,1707428.0,203550000.0
CDZI,Utilities,Utilities - Regulated Water,4.96,489343.0,413780000.0
CEPT,Financial,Shell Companies,10.91,763508.0,333630000.0
CERS,Healthcare,Medical Devices,1.89,770586.0,363200000.0
CERT,Healthcare,Health Information Services,5.55,3709654.0,883220000.0
CETX,Technology,Software - Infrastructure,1.07,2659826.0,10780000.0
CFFN,Financial,Banks - Regional,7.57,695107.0,982920000.0
CGBD,Financial,Asset Management,10.93,533599.0,772500000.0
CGC,Healthcare,Drug Manufacturers - Specialty & Generic,1.05,10978337.0,447130000.0
CGEM,Healthcare,Biotechnology,14.54,388330.0,880050000.0
CGTL,Consumer Cyclical,Specialty Retail,1.24,17626.0,31900000.0
CHA,Consumer Cyclical,Restaurants,9.83,228417.0,1180000000.0
CHNR,Basic Materials,Other Industrial Metals & Mining,3.88,2817.0,4780000.0
CHRS,Healthcare,Biotechnology,1.68,554986.0,251820000.0
CIM,Real Estate,REIT - Mortgage,13.36,466198.0,1110000000.0
CION,Financial,Asset Management,6.92,717651.0,349440000.0
CLIK,Consumer Cyclical,Personal Services,2.74,542560.0,8940000.0
CLNE,Energy,Oil & Gas Refining & Marketing,2.26,820100.0,495910000.0
CLOV,Healthcare,Healthcare Plans,1.93,4792617.0,1010000000.0
CLPT,Healthcare,Medical Devices,8.68,684553.0,257480000.00000003
CLVT,Technology,Information Technology Services,2.17,4461033.0,1390000000.0
CLYM,Healthcare,Biotechnology,8.41,827990.0,401730000.0
CMCO,Industrials,Farm & Heavy Construction Machinery,15.67,273146.0,450350000.0
CMP,Basic Materials,Other Industrial Metals & Mining,24.8,288011.0,1040000000.0
CMPS,Healthcare,Medical Care Facilities,5.53,1306658.0,531380000.0
CMPX,Healthcare,Biotechnology,5.17,3155332.0,931050000.0
CMRC,Technology,Software - Application,2.63,608758.0,216190000.0
CMTG,Real Estate,REIT - Mortgage,2.54,322108.0,356160000.0
CNDT,Technology,Information Technology Services,1.4,1086950.0,216590000.0
CNMD,Healthcare,Medical Devices,36.74,249009.0,1130000000.0
CNNE,Consumer Cyclical,Restaurants,12.46,505644.0,577210000.0
CNTN,Healthcare,Biotechnology,2.98,1535782.0,169120000.0
CNTX,Healthcare,Biotechnology,2.49,519311.0,228780000.0
CNXC,Technology,Information Technology Services,26.12,2381887.0,1590000000.0
COCP,Healthcare,Biotechnology,1.25,584287.0,17230000.0
CODI,Industrials,Conglomerates,9.79,762078.0,736560000.0
CODX,Healthcare,Medical Devices,1.37,109232.0,4940000.0
COHU,Technology,Semiconductor Equipment & Materials,37.34,1088612.0,1750000000.0
COLL,Healthcare,Drug Manufacturers - Specialty & Generic,35.47,508141.0,1130000000.0
COTY,Consumer Defensive,Household & Personal Products,2.17,6825303.0,1910000000.0
COUR,Consumer Defensive,Education & Training Services,5.36,6175352.0,907520000.0
CRBU,Healthcare,Biotechnology,1.93,818445.0,186510000.0
CRCT,Technology,Computer Hardware,4.18,879492.0,885250000.0
CRDF,Healthcare,Biotechnology,1.58,695905.0,108020000.0
CRDL,Healthcare,Drug Manufacturers - Specialty & Generic,1.38,447055.0,154380000.0
CRF,Financial,Closed-End Fund - Equity,7.15,646249.0,1160000000.0
CRI,Consumer Cyclical,Apparel Retail,35.52,932082.0,1290000000.0
CRMD,Healthcare,Biotechnology,7.24,617815.0,572320000.0
CRML,Basic Materials,Other Industrial Metals & Mining,8.87,10305660.0,1080000000.0
CRNC,Technology,Software - Application,7.45,439281.0,335380000.0
CRON,Healthcare,Drug Manufacturers - Specialty & Generic,2.58,538661.0,977950000.0
CRSR,Technology,Computer Hardware,5.69,691795.0,606910000.0
CRTO,Communication Services,Advertising Agencies,17.82,196091.0,911490000.0
CRVS,Healthcare,Biotechnology,15.1,547095.0,1270000000.0
CSIQ,Technology,Solar,12.63,1818801.0,845860000.0
CSTE,Industrials,Building Products & Equipment,1.57,741207.0,54290000.0
CSWC,Financial,Asset Management,22.83,401316.0,1370000000.0
CTKB,Healthcare,Medical Devices,4.53,480863.0,582330000.0
CTLP,Technology,Software - Infrastructure,10.88,939214.0,802080000.0
CTMX,Healthcare,Biotechnology,4.39,3195491.0,949020000.0
CTOS,Industrials,Rental & Leasing Services,7.26,611593.0,1650000000.0
CURV,Consumer Cyclical,Apparel Retail,1.97,420470.0,195650000.0
CVGI,Consumer Cyclical,Auto Parts,3.92,526554.0,143620000.0
CWH,Consumer Cyclical,Auto & Truck Dealerships,7.29,1902499.0,750770000.0
CXM,Technology,Software - Application,5.4,3320376.0,1340000000.0
CXW,Industrials,Security & Protection Services,19.92,399250.0,1950000000.0
CYCN,Healthcare,Biotechnology,2.91,329941.0,12600000.0
CYCU,Technology,Information Technology Services,1.18,1327856.0,6500000.0
CYH,Healthcare,Medical Care Facilities,3.15,971974.0,436670000.0
CYN,Technology,Software - Application,1.5,235171.0,20410000.0
CYPH,Healthcare,Biotechnology,1.06,4546178.0,95380000.0
DAKT,Technology,Electronic Components,19.9,512698.0,961130000.0
DBGI,Consumer Cyclical,Apparel Retail,1.94,373401.0,15890000.0
DBI,Consumer Cyclical,Footwear & Accessories,6.64,525962.0,336690000.0
DC,Basic Materials,Gold,5.42,924389.0,723660000.0
DCH,Consumer Cyclical,Auto Parts,5.98,3558801.0,1420000000.0
DCX,Consumer Cyclical,Auto Manufacturers,1.89,4427.0,36970000.0
DDD,Technology,Computer Hardware,1.92,1354754.0,280450000.0
DDL,Consumer Defensive,Grocery Stores,2.65,264066.0,478090000.0
DEC,Energy,Oil & Gas Integrated,16.7,580235.0,1200000000.0
DEI,Real Estate,REIT - Office,9.68,1559748.0,1620000000.0
DFDV,Financial,Asset Management,3.95,1191827.0,116510000.0
DFH,Consumer Cyclical,Residential Construction,13.89,381739.0,1280000000.0
DGXX,Utilities,Utilities - Independent Power Producers,2.36,1582327.0,166310000.0
DHC,Real Estate,REIT - Healthcare Facilities,7.13,1282446.0,1730000000.0
DHX,Technology,Software - Application,2.83,154298.0,127270000.0
DHY,Financial,Closed-End Fund - Debt,1.88,2017401.0,194790000.0
DNA,Healthcare,Biotechnology,6.45,747121.0,395760000.0
DNUT,Consumer Defensive,Grocery Stores,3.32,1116531.0,571700000.0
DOGZ,Consumer Cyclical,Leisure,1.26,64323.0,17970000.0
DOLE,Consumer Defensive,Farm Products,15.69,697666.0,1490000000.0
DOMO,Technology,Software - Application,2.42,1706607.0,101150000.0
DOUG,Real Estate,Real Estate Services,1.68,317579.0,148210000.0
DPRO,Technology,Computer Hardware,5.46,4308475.0,199290000.0
DQ,Technology,Solar,20.7,351150.0,1380000000.0
DRMA,Healthcare,Biotechnology,1.22,75170.0,4910000.0
DSL,Financial,Closed-End Fund - Debt,11.04,466580.0,1260000000.0
DSX,Industrials,Marine Shipping,2.42,549655.0,298970000.0
DV,Communication Services,Advertising Agencies,9.55,2361104.0,1550000000.0
DXC,Technology,Information Technology Services,11.44,4312008.0,1940000000.0
DXST,Industrials,Waste Management,3.03,34081.0,5500000.0
DXYZ,Financial,Asset Management,28.0,1149863.0,404040000.0
EARN,Financial,Asset Management,4.61,231062.0,173340000.0
EBS,Healthcare,Drug Manufacturers - Specialty & Generic,7.96,593090.0,411090000.0
ECAT,Financial,Closed-End Fund - Equity,14.83,477615.0,1480000000.0
ECC,Financial,Closed-End Fund - Debt,3.82,1465450.0,505040000.0
ECO,Industrials,Marine Shipping,49.02,283672.0,1880000000.0
ECVT,Basic Materials,Specialty Chemicals,13.93,4578507.0,1540000000.0
ECX,Consumer Cyclical,Auto Parts,1.12,767715.0,399560000.0
EDD,Financial,Closed-End Fund - Debt,5.45,527258.0,351290000.0
EDIT,Healthcare,Biotechnology,2.94,1589289.0,287740000.0
EDSA,Healthcare,Biotechnology,5.52,205981.0,46080000.0
EEIQ,Consumer Defensive,Education & Training Services,4.13,78601.0,6110000.0
EFC,Real Estate,REIT - Mortgage,12.55,1090174.0,1560000000.0
EGHT,Technology,Software - Application,1.73,854155.0,241020000.0
EGY,Energy,Oil & Gas E&P,5.8,965692.0,604700000.0
EH,Industrials,Aerospace & Defense,10.72,457617.0,560230000.0
EHAB,Healthcare,Medical Care Facilities,13.98,537953.0,709110000.0
EHTH,Financial,Insurance Brokers,1.32,517285.0,41020000.0
EIKN,Healthcare,Biotechnology,9.0,706095.0,487260000.0
ELAB,Healthcare,Biotechnology,4.79,5220662.0,9280000.0
ELDN,Healthcare,Biotechnology,3.1,969612.0,235140000.0
ELME,Real Estate,REIT - Residential,2.12,1688095.0,188380000.0
ELPW,Industrials,Electrical Equipment & Parts,1.91,219093.0,2700000.0
ELVA,Industrials,Electrical Equipment & Parts,8.26,201957.0,392430000.0
EMBC,Healthcare,Medical Instruments & Supplies,8.85,485957.0,524100000.0
EMPD,Consumer Cyclical,Auto Manufacturers,4.79,783942.0,144890000.0
ENOV,Healthcare,Medical Devices,24.42,510912.0,1400000000.0
ENR,Industrials,Electrical Equipment & Parts,18.76,1243191.0,1280000000.0
ENVX,Industrials,Electrical Equipment & Parts,6.09,7815007.0,1320000000.0
EOLS,Healthcare,Drug Manufacturers - Specialty & Generic,4.27,576945.0,277810000.0
EOSE,Industrials,Electrical Equipment & Parts,5.62,55771039.0,1910000000.0
EPC,Consumer Defensive,Household & Personal Products,21.89,434482.0,1020000000.0
EQ,Healthcare,Biotechnology,1.8,244763.0,113810000.0
ERII,Industrials,Pollution & Treatment Controls,11.11,381127.0,586930000.0
ESPR,Healthcare,Drug Manufacturers - Specialty & Generic,2.17,10583571.0,557280000.0
ESRT,Real Estate,REIT - Diversified,5.2,1051169.0,890450000.0
ESTA,Healthcare,Medical Devices,60.19,354544.0,1760000000.0
EU,Energy,Uranium,1.78,1139286.0,345710000.0
EVER,Communication Services,Internet Content & Information,15.09,495441.0,543690000.0
EVEX,Industrials,Aerospace & Defense,2.7,723661.0,940420000.0
EVGO,Consumer Cyclical,Specialty Retail,1.94,4135910.0,607380000.0
EVH,Healthcare,Health Information Services,2.33,3564113.0,260120000.0
EVLV,Industrials,Security & Protection Services,5.96,2593835.0,1070000000.0000001
EVMN,Healthcare,Biotechnology,25.51,357180.0,918830000.0
EVTL,Industrials,Aerospace & Defense,2.34,1599277.0,239450000.0
EVTV,Consumer Cyclical,Auto Manufacturers,1.91,350286.0,9220000.0
EWCZ,Consumer Defensive,Household & Personal Products,5.82,506500.0,317410000.0
EXPI,Real Estate,Real Estate Services,5.91,816048.0,941280000.0
EYPT,Healthcare,Biotechnology,14.19,686938.0,1180000000.0
EZPW,Financial,Credit Services,28.69,409844.0,1770000000.0
FA,Industrials,Specialty Business Services,10.93,1119551.0,1910000000.0
FATE,Healthcare,Biotechnology,1.24,1208552.0,144170000.0
FATN,Technology,Software - Infrastructure,2.16,89132.0,30080000.0
FBIO,Healthcare,Biotechnology,2.35,321934.0,75680000.0
FBRT,Real Estate,REIT - Mortgage,8.67,629538.0,701970000.0
FCEL,Industrials,Electrical Equipment & Parts,6.65,1029316.0,352300000.0
FCF,Financial,Banks - Regional,18.73,552270.0,1910000000.0
FCHL,Consumer Defensive,Education & Training Services,1.97,194119.0,2230000.0
FCUV,Technology,Scientific & Technical Instruments,3.07,260933.0,3150000.0
FDMT,Healthcare,Biotechnology,9.81,900753.0,500820000.0
FEED,Healthcare,Medical Devices,1.66,145345.0,1810000.0
FINV,Financial,Credit Services,4.95,723920.0,693350000.0
FIP,Industrials,Conglomerates,5.59,669785.0,660530000.0
FIVN,Technology,Software - Infrastructure,13.61,2375028.0,1040000000.0
FJET,Industrials,Aerospace & Defense,4.85,1184138.0,213140000.0
FLGT,Healthcare,Diagnostics & Research,14.43,538802.0,450660000.0
FLNA,Healthcare,Biotechnology,1.64,170688.0,79220000.0
FLNG,Energy,Oil & Gas Midstream,29.24,395934.0,1550000000.0
FLO,Consumer Defensive,Packaged Foods,8.06,4193417.0,1710000000.0
FLWS,Consumer Cyclical,Specialty Retail,3.28,176112.0,210140000.0
FLYW,Technology,Software - Infrastructure,11.56,1024166.0,1400000000.0
FLYX,Industrials,Airlines,2.28,114302.0,215120000.0
FMACU,Financial,Shell Companies,10.01,15358.0,100100000.0
FNKO,Consumer Cyclical,Leisure,3.64,447055.0,202150000.0
FOSL,Consumer Cyclical,Footwear & Accessories,5.14,569234.0,299950000.0
FOXF,Consumer Cyclical,Auto Parts,16.83,248181.0,703530000.0
FPI,Real Estate,REIT - Specialty,11.75,357844.0,512640000.0
FSCO,Financial,Closed-End Fund - Debt,5.07,917579.0,1030000000.0
FSSL,Financial,Closed-End Fund - Debt,12.32,241760.0,935310000.0
FTRE,Healthcare,Biotechnology,9.18,591893.0,858330000.0
FUBO,Communication Services,Broadcasting,11.7,1296305.0,1270000000.0
FULC,Healthcare,Biotechnology,7.55,1054782.0,502830000.0
FUSE,Technology,Software - Application,1.83,124178859.0,52960000.0
FVRR,Communication Services,Internet Content & Information,10.31,651358.0,370650000.0
FWDI,Consumer Cyclical,Footwear & Accessories,4.51,705425.0,374960000.0
FWRD,Industrials,Integrated Freight & Logistics,19.14,464620.0,603950000.0
FWRG,Consumer Cyclical,Restaurants,11.48,647820.0,701870000.0
GAB,Financial,Closed-End Fund - Equity,5.59,693078.0,1740000000.0
GAMB,Consumer Cyclical,Gambling,3.61,424556.0,126700000.0
GANX,Healthcare,Biotechnology,1.8,405376.0,76040000.0
GAU,Basic Materials,Gold,2.7,2372555.0,704750000.0
GCMG,Financial,Asset Management,9.72,420414.0,1970000000.0
GCT,Technology,Software - Infrastructure,44.54,677101.0,1630000000.0
GCTS,Technology,Semiconductors,1.29,738356.0,93520000.0
GDOT,Financial,Credit Services,11.54,413582.0,641250000.0
GDRX,Healthcare,Health Information Services,2.19,2136556.0,750240000.0
GDTC,Healthcare,Biotechnology,1.0,389.0,11830000.0
GDYN,Technology,Information Technology Services,5.28,1314077.0,450670000.0
GEMI,Financial,Capital Markets,4.41,1833419.0,529740000.0
GENB,Healthcare,Biotechnology,11.41,345815.0,1450000000.0
GENI,Communication Services,Internet Content & Information,3.92,6081633.0,1000000000.0
GERN,Healthcare,Biotechnology,1.67,16567661.0,1070000000.0000001
GEVO,Basic Materials,Specialty Chemicals,1.93,2546430.0,468640000.0
GGN,Financial,Closed-End Fund - Equity,5.51,431118.0,860800000.0
GIBO,Communication Services,Internet Content & Information,1.3,916423.0,4710000.0
GIII,Consumer Cyclical,Apparel Manufacturing,29.57,279510.0,1250000000.0
GILT,Technology,Communication Equipment,17.71,546814.0,1320000000.0
GITS,Communication Services,Internet Content & Information,2.41,31844.0,8850000.0
GLDG,Basic Materials,Gold,1.28,2376673.0,273610000.0
GLND,Energy,Oil & Gas E&P,7.68,417132.0,200530000.0
GLOB,Technology,Information Technology Services,43.26,1095241.0,1870000000.0
GLUE,Healthcare,Biotechnology,17.48,711219.0,1400000000.0
GNPX,Healthcare,Biotechnology,1.15,606353.0,10400000.0
GO,Consumer Defensive,Grocery Stores,6.84,2909128.0,671370000.0
GOGO,Communication Services,Telecom Services,4.56,1632788.0,614150000.0
GOLD,Financial,Capital Markets,43.98,305142.0,1110000000.0
GOOS,Consumer Cyclical,Apparel Manufacturing,11.17,244233.0,1080000000.0
GORO,Basic Materials,Other Precious Metals & Mining,1.48,3353426.0,239550000.0
GPRE,Basic Materials,Chemicals,15.23,760170.0,1060000000.0
GPRK,Energy,Oil & Gas E&P,9.4,3068697.0,607980000.0
GRAL,Healthcare,Diagnostics & Research,45.63,1290713.0,1870000000.0
GRNT,Energy,Oil & Gas E&P,5.57,926888.0,732260000.0
GRO,Basic Materials,Other Industrial Metals & Mining,3.07,1354904.0,166070000.0
GROY,Basic Materials,Gold,3.65,1474649.0,842390000.0
GRPN,Communication Services,Internet Content & Information,11.86,1073730.0,483220000.0
GRRR,Technology,Software - Infrastructure,10.97,348393.0,248680000.0
GSBD,Financial,Asset Management,8.97,1100892.0,1010000000.0
GSIT,Technology,Semiconductors,5.6,407463.0,202640000.0
GSM,Basic Materials,Other Industrial Metals & Mining,4.25,625103.0,794160000.0
GTE,Energy,Oil & Gas E&P,7.53,419736.0,265800000.0
GTM,Technology,Software - Application,5.23,18780435.0,1600000000.0
GTN,Communication Services,Broadcasting,5.27,995322.0,605830000.0
GVH,Industrials,Integrated Freight & Logistics,2.54,90857.0,5380000.0
GWH,Industrials,Electrical Equipment & Parts,1.15,110327.0,31250000.0
GXAI,Communication Services,Electronic Gaming & Multimedia,1.21,247907.0,12370000.0
HCSG,Healthcare,Medical Care Facilities,19.49,526984.0,1370000000.0
HCTI,Healthcare,Health Information Services,2.4,197208.0,2770000.0
HELE,Consumer Defensive,Household & Personal Products,16.73,283109.0,386000000.0
HELP,Healthcare,Biotechnology,5.22,414005.0,261209999.99999997
HIMX,Technology,Semiconductors,9.21,1808084.0,1570000000.0
HIND,Healthcare,Biotechnology,2.19,13142.0,15370000.0
HIVE,Financial,Capital Markets,2.08,8773017.0,528299999.99999994
HKD,Technology,Software - Application,1.6,186228.0,315230000.0
HKIT,Technology,Software - Application,1.2,3649499.0,10340000.0
HLF,Consumer Defensive,Packaged Foods,15.23,980729.0,1570000000.0
HLIT,Technology,Communication Equipment,9.75,622497.0,1070000000.0000001
HLLY,Consumer Cyclical,Auto Parts,3.12,443684.0,377340000.0
HLMN,Industrials,Tools & Accessories,8.56,1123780.0,1680000000.0
HLX,Energy,Oil & Gas Equipment & Services,9.56,876304.0,1410000000.0
HNRG,Energy,Thermal Coal,15.2,471046.0,714760000.0
HNST,Consumer Defensive,Household & Personal Products,2.92,835855.0,328420000.0
HOLO,Technology,Electronic Components,1.89,500898.0,43300000.0
HOPE,Financial,Banks - Regional,12.25,918260.0,1570000000.0
HOVR,Industrials,Aerospace & Defense,1.58,346196.0,69920000.0
HPK,Energy,Oil & Gas E&P,6.34,619322.0,801110000.0
HPP,Real Estate,REIT - Office,5.98,668312.0,328590000.0
HRMY,Healthcare,Biotechnology,28.89,561330.0,1670000000.0
HROW,Healthcare,Drug Manufacturers - Specialty & Generic,35.93,428810.0,1340000000.0
HRZN,Financial,Asset Management,4.52,477065.0,216060000.0
HTBK,Financial,Banks - Regional,13.37,928454.0,823500000.0
HTLD,Industrials,Trucking,11.01,235292.0,852780000.0
HTZ,Industrials,Rental & Leasing Services,6.32,16298289.0,1970000000.0
HURA,Healthcare,Biotechnology,2.27,1879797.0,144320000.0
HUYA,Communication Services,Entertainment,3.15,430520.0,230420000.0
HYLN,Consumer Cyclical,Auto Parts,1.84,748945.0,327180000.0
HYT,Financial,Closed-End Fund - Debt,8.58,857072.0,1400000000.0
IART,Healthcare,Medical Devices,9.9,486205.0,771580000.0
IAUX,Basic Materials,Gold,1.68,19129502.0,1410000000.0
IBG,Consumer Defensive,Beverages - Wineries & Distilleries,1.06,192000.0,1920000.0
IBIO,Healthcare,Biotechnology,2.16,513110.0,74610000.0
ICHR,Technology,Semiconductor Equipment & Materials,57.5,667716.0,1990000000.0
IGR,Financial,Closed-End Fund - Foreign,4.62,411205.0,699470000.0
IHRT,Communication Services,Broadcasting,3.6,233444.0,498170000.0
IKT,Healthcare,Biotechnology,1.7,864320.0,224460000.0
IMMX,Healthcare,Biotechnology,9.26,399429.0,490450000.0
IMPP,Energy,Oil & Gas Midstream,4.25,378471.0,189760000.0
IMRX,Healthcare,Biotechnology,5.52,573511.0,356880000.0
IMSR,Utilities,Utilities - Regulated Electric,6.34,1170118.0,671630000.0
IMUX,Healthcare,Biotechnology,1.17,1993593.0,152640000.0
INDI,Technology,Semiconductors,2.91,2222966.0,650850000.0
INDO,Energy,Oil & Gas E&P,3.08,912857.0,46160000.0
INMD,Healthcare,Medical Devices,13.53,1192287.0,857240000.0
INN,Real Estate,REIT - Hotel & Motel,4.74,688340.0,577370000.0
INO,Healthcare,Biotechnology,1.06,2504715.0,86490000.0
INOD,Technology,Information Technology Services,35.58,1342106.0,1160000000.0
INSP,Healthcare,Medical Devices,54.02,1400174.0,1540000000.0
INTA,Technology,Software - Application,20.37,985008.0,1640000000.0
INV,Financial,Asset Management,4.34,738700.0,347500000.0
INVA,Healthcare,Biotechnology,23.76,857100.0,1760000000.0
INVX,Energy,Oil & Gas Equipment & Services,26.51,338391.0,1830000000.0
IOTR,Communication Services,Telecom Services,2.79,23438.0,7160000.0
IOVA,Healthcare,Biotechnology,3.7,44169864.0,1520000000.0
IPFXU,Financial,Shell Companies,10.1,3020.0,296230000.0
IPSC,Healthcare,Biotechnology,2.25,910557.0,404380000.0
IPW,Consumer Cyclical,Internet Retail,1.11,600508.0,1470000.0
IQ,Communication Services,Entertainment,1.25,6879385.0,663090000.0
IRD,Healthcare,Biotechnology,5.36,869737.0,381360000.0
IRWD,Healthcare,Drug Manufacturers - Specialty & Generic,3.63,1222994.0,591900000.0
ISSC,Industrials,Aerospace & Defense,25.17,557282.0,447480000.0
ITRG,Basic Materials,Other Precious Metals & Mining,3.0,1804403.0,606480000.0
IVF,Healthcare,Medical Devices,2.01,34410.0,3250000.0
IVR,Real Estate,REIT - Mortgage,8.42,1417763.0,732090000.0
IVVD,Healthcare,Biotechnology,1.76,16623194.0,497370000.0
JACK,Consumer Cyclical,Restaurants,11.45,631570.0,217960000.0
JAGU,Energy,Uranium,2.18,152597.0,44020000.0
JANX,Healthcare,Biotechnology,14.93,956956.0,908220000.0
JBGS,Real Estate,REIT - Office,14.62,668972.0,1110000000.0
JBI,Industrials,Building Products & Equipment,5.39,785854.0,748450000.0
JBLU,Industrials,Airlines,4.74,16378059.0,1750000000.0
JCSE,Industrials,Specialty Industrial Machinery,1.17,63366.0,5860000.0
JELD,Industrials,Building Products & Equipment,1.05,2827584.0,90620000.0
JFR,Financial,Closed-End Fund - Debt,7.53,586755.0,1210000000.0
JKS,Technology,Solar,22.91,349374.0,1150000000.0
JMIA,Consumer Cyclical,Internet Retail,6.92,1146090.0,857040000.0
JQC,Financial,Closed-End Fund - Debt,4.83,384333.0,713950000.0
KALV,Healthcare,Biotechnology,19.39,629990.0,993200000.0
KEEL,Financial,Capital Markets,2.14,19056596.0,1210000000.0
KELYA,Industrials,Staffing & Employment Services,8.71,378058.0,320660000.0
KIDZ,Consumer Defensive,Education & Training Services,2.31,72410.0,3020000.0
KLC,Consumer Defensive,Education & Training Services,2.89,990238.0,342050000.0
KLTR,Technology,Software - Application,1.08,172227.0,160630000.0
KMPR,Financial,Insurance - Property & Casualty,31.13,567857.0,1830000000.0
KODK,Industrials,Specialty Business Services,12.09,1430239.0,1180000000.0
KOPN,Technology,Electronic Components,2.66,2002445.0,485560000.0
KOS,Energy,Oil & Gas E&P,2.57,18703906.0,1520000000.0
KPET-U,Financial,Shell Companies,10.0,434590.0,202350000.0
KPRX,Healthcare,Biotechnology,2.47,73580.0,9760000.0
KPTI,Healthcare,Biotechnology,8.0,451541.0,180350000.0
KREF,Real Estate,REIT - Mortgage,6.36,600382.0,411310000.0
KRP,Energy,Oil & Gas E&P,14.5,396462.0,1770000000.0
KSCP,Industrials,Security & Protection Services,3.37,420122.0,54870000.0
KSS,Consumer Cyclical,Department Stores,13.28,3755085.0,1490000000.0
KULR,Technology,Electronic Components,2.16,734675.0,99880000.0
KURA,Healthcare,Biotechnology,8.67,879804.0,765820000.0
KW,Real Estate,Real Estate Services,10.9,528174.0,1510000000.0
KYTX,Healthcare,Biotechnology,8.95,680491.0,540940000.0
LAC,Basic Materials,Other Industrial Metals & Mining,4.07,4640978.0,1280000000.0
LADR,Real Estate,REIT - Mortgage,9.89,3636510.0,1260000000.0
LAES,Technology,Semiconductors,2.1,9290791.0,483570000.0
LAND,Real Estate,REIT - Specialty,10.39,389427.0,436000000.0
LAR,Basic Materials,Other Industrial Metals & Mining,7.37,1910333.0,1210000000.0
LBGJ,Industrials,Specialty Industrial Machinery,1.09,111890.0,2130000.0
LC,Financial,Banks - Regional,14.77,1694299.0,1700000000.0
LCFY,Communication Services,Internet Content & Information,4.52,6130.0,8130000.000000001
LCTX,Healthcare,Biotechnology,1.48,850583.0,368650000.0
LDI,Financial,Mortgage Finance,1.37,1552800.0,313490000.0
LEG,Consumer Cyclical,"Furnishings, Fixtures & Appliances",9.99,712878.0,1360000000.0
LENZ,Healthcare,Biotechnology,9.07,518164.0,284380000.0
LFMD,Healthcare,Health Information Services,3.47,1209932.0,166470000.0
LGO,Basic Materials,Other Industrial Metals & Mining,1.19,848813.0,99570000.0
LGVN,Healthcare,Biotechnology,1.16,786764.0,26990000.0
LIDR,Technology,Software - Infrastructure,1.58,674638.0,71650000.0
LIFE,Financial,Insurance Brokers,13.81,551961.0,868230000.0
LILAK,Communication Services,Telecom Services,8.28,547899.0,1660000000.0
LIND,Consumer Cyclical,Travel Services,19.13,446521.0,1250000000.0
LMRI,Healthcare,Medical Devices,9.32,518366.0,895740000.0
LODE,Basic Materials,Other Precious Metals & Mining,3.05,603621.0,226000000.0
LPG,Energy,Oil & Gas Midstream,34.61,413035.0,1480000000.0
LPRO,Financial,Credit Services,1.45,781890.0,170630000.0
LPTH,Technology,Electronic Components,12.83,3096586.0,740400000.0
LRMR,Healthcare,Biotechnology,4.85,1898659.0,503830000.0
LSPD,Technology,Software - Application,8.47,402322.0,1160000000.0
LTBR,Industrials,Electrical Equipment & Parts,10.85,452667.0,370550000.0
LTRN,Healthcare,Biotechnology,1.97,401107.0,22170000.0
LTRX,Technology,Communication Equipment,5.62,366517.0,223070000.0
LU,Financial,Credit Services,1.88,384715.0,1580000000.0
LUCD,Healthcare,Medical Devices,1.15,602415.0,203490000.0
LWLG,Basic Materials,Specialty Chemicals,10.6,13507883.0,1580000000.0
LX,Financial,Credit Services,2.21,961205.0,293020000.0
LXEO,Healthcare,Biotechnology,5.98,705873.0,443040000.0
LXRX,Healthcare,Biotechnology,1.72,1351979.0,728730000.0
LXU,Basic Materials,Chemicals,14.02,1089293.0,1010000000.0
LZ,Industrials,Specialty Business Services,5.61,2646673.0,970090000.0
MAIA,Healthcare,Biotechnology,1.28,515553.0,77660000.0
MAN,Industrials,Staffing & Employment Services,26.93,1474781.0,1250000000.0
MASK,Technology,Software - Application,1.76,231059.0,1990000.0
MAX,Communication Services,Internet Content & Information,9.05,336944.0,574290000.0
MAXN,Technology,Solar,1.71,7464719.0,28890000.0
MAZE,Healthcare,Biotechnology,26.69,1051323.0,1330000000.0
MBAI,Healthcare,Diagnostics & Research,1.68,52228.0,12240000.0
MBC,Consumer Cyclical,"Furnishings, Fixtures & Appliances",8.55,1035613.0,1090000000.0
MBOT,Healthcare,Medical Instruments & Supplies,2.59,2605890.0,173940000.0
MBX,Healthcare,Biotechnology,31.0,284254.0,1470000000.0
MD,Healthcare,Medical Care Facilities,21.45,465585.0,1780000000.0
MDAI,Healthcare,Medical Devices,1.73,483075.0,55060000.0
MDXG,Healthcare,Biotechnology,3.87,966178.0,574950000.0
MERC,Basic Materials,Paper & Paper Products,1.12,524428.0,75020000.0
METC,Basic Materials,Coking Coal,13.55,1391753.0,874280000.0
MFA,Real Estate,REIT - Mortgage,9.99,821908.0,1020000000.0
MFIC,Financial,Asset Management,11.69,1164131.0,1080000000.0
MGNI,Communication Services,Advertising Agencies,11.98,1701419.0,1730000000.0
MGNX,Healthcare,Biotechnology,3.6,2059732.0,228800000.0
MIGI,Financial,Capital Markets,4.26,661739.0,23370000.0
MIST,Healthcare,Biotechnology,2.02,3651389.0,237690000.0
MITK,Technology,Software - Application,13.55,893622.0,614040000.0
MLEC,Healthcare,Biotechnology,7.11,31601.0,5160000.0
MLKN,Consumer Cyclical,"Furnishings, Fixtures & Appliances",15.38,698234.0,1050000000.0
MLTX,Healthcare,Biotechnology,17.96,1247461.0,1290000000.0
MNKD,Healthcare,Biotechnology,2.57,3053692.0,791820000.0
MNRO,Consumer Cyclical,Auto Parts,16.37,548885.0,491420000.0
MNTN,Technology,Software - Application,8.4,486513.0,620530000.0
MNTS,Industrials,Aerospace & Defense,3.48,2078973.0,19940000.0
MOBX,Technology,Semiconductors,2.41,1001025.0,24840000.0
MOMO,Communication Services,Internet Content & Information,5.9,525322.0,689590000.0
MOVE,Technology,Software - Infrastructure,10.9,65325.0,21450000.0
MQ,Technology,Software - Infrastructure,3.85,2178740.0,1640000000.0
MRAM,Technology,Semiconductors,10.26,471093.0,237210000.0
MRLN,Industrials,Aerospace & Defense,10.86,1964046.0,366630000.0
MRTN,Industrials,Trucking,14.01,499769.0,1140000000.0
MRVI,Healthcare,Biotechnology,3.07,984025.0,789200000.0
MSDL,Financial,Asset Management,14.35,696052.0,1230000000.0
MTA,Basic Materials,Other Precious Metals & Mining,6.91,386207.0,645670000.0
MTEK,Technology,Electronic Components,1.54,109254.0,14940000.0
MUX,Basic Materials,Other Precious Metals & Mining,23.04,1126553.0,1370000000.0
MVO,Energy,Oil & Gas E&P,2.74,341705.0,31510000.0
MVST,Consumer Cyclical,Auto Parts,1.65,2363624.0,547850000.0
MXL,Technology,Semiconductors,20.69,1157278.0,1790000000.0
MYGN,Healthcare,Diagnostics & Research,4.35,1061397.0,406760000.0
NABL,Technology,Information Technology Services,4.21,1768017.0,793060000.0
NAC,Financial,Closed-End Fund - Debt,11.76,690938.0,1830000000.0
NAGE,Healthcare,Biotechnology,4.5,400495.0,360360000.0
NAK,Basic Materials,Other Industrial Metals & Mining,1.76,9028809.0,985580000.0
NAMM,Basic Materials,Gold,2.18,357415.0,118770000.0
NAT,Energy,Oil & Gas Midstream,5.72,3670333.0,1210000000.0
NAVI,Financial,Credit Services,7.94,757160.0,755010000.0
NB,Basic Materials,Other Industrial Metals & Mining,4.82,3063697.0,700450000.0
NBHC,Financial,Banks - Regional,41.74,753321.0,1880000000.0
NBP,Healthcare,Biotechnology,2.36,338440.0,272300000.0
NBY,Healthcare,Biotechnology,1.95,0.0,42600000.0
NCNO,Technology,Software - Application,17.45,4102909.0,2000000000.0
NEO,Healthcare,Diagnostics & Research,7.69,1865145.0,998260000.0
NEOV,Industrials,Electrical Equipment & Parts,3.07,381941.0,131120000.0
NEWP,Basic Materials,Silver,4.74,636351.0,872250000.0
NEXA,Basic Materials,Other Industrial Metals & Mining,11.85,576833.0,1570000000.0
NEXT,Energy,Oil & Gas Equipment & Services,7.54,3983383.0,2000000000.0
NFGC,Basic Materials,Gold,2.04,988568.0,704230000.0
NIU,Consumer Cyclical,Auto Manufacturers,2.88,174691.0,200710000.0
NKLR,Utilities,Utilities - Regulated Electric,4.83,371764.0,533720000.0
NKTX,Healthcare,Biotechnology,2.17,795990.0,154700000.0
NMAX,Communication Services,Broadcasting,6.02,707461.0,777360000.0
NMFC,Financial,Asset Management,7.99,1172895.0,805440000.0
NMG,Basic Materials,Other Industrial Metals & Mining,1.83,8817571.0,294320000.0
NMRA,Healthcare,Biotechnology,2.04,765729.0,371360000.0
NNDM,Technology,Computer Hardware,1.71,1249814.0,353650000.0
NNE,Industrials,Specialty Industrial Machinery,20.76,1171398.0,1080000000.0
NNOX,Healthcare,Medical Devices,2.27,556286.0,144740000.0
NOMD,Consumer Defensive,Packaged Foods,9.86,690402.0,1400000000.0
NPKI,Energy,Oil & Gas Equipment & Services,15.03,544404.0,1270000000.0
NPT,Consumer Cyclical,Specialty Retail,10.31,27546.0,228730000.0
NPWR,Industrials,Specialty Industrial Machinery,1.51,382084.0,338870000.0
NRDS,Communication Services,Internet Content & Information,10.47,422714.0,699250000.0
NRGV,Utilities,Utilities - Renewable,3.26,2529036.0,563900000.0
NRIX,Healthcare,Biotechnology,16.03,1156378.0,1660000000.0
NRXP,Healthcare,Biotechnology,2.22,476614.0,73410000.0
NSP,Industrials,Staffing & Employment Services,25.03,524609.0,944340000.0
NSSC,Industrials,Security & Protection Services,42.75,312690.0,1520000000.0
NTGR,Technology,Communication Equipment,23.31,246912.0,655320000.0
NTLA,Healthcare,Biotechnology,13.49,1807651.0,1590000000.0
NUAI,Technology,Software - Infrastructure,4.29,5181908.0,262790000.00000003
NUS,Consumer Defensive,Household & Personal Products,7.52,467066.0,361910000.0
NUV,Financial,Closed-End Fund - Debt,9.18,472937.0,1910000000.0
NUVB,Healthcare,Biotechnology,4.6,3565966.0,1600000000.0
NUWE,Healthcare,Medical Devices,1.09,23292.0,2510000.0
NVA,Basic Materials,Other Industrial Metals & Mining,6.08,297099.0,231100000.0
NVAX,Healthcare,Biotechnology,8.12,3439865.0,1320000000.0
NVCR,Healthcare,Medical Devices,10.58,809300.0,1200000000.0
NVRI,Industrials,Waste Management,19.56,601739.0,1620000000.0
NWBI,Financial,Banks - Regional,13.56,814347.0,1980000000.0
NWL,Consumer Defensive,Household & Personal Products,3.89,3567410.0,1630000000.0
NX,Industrials,Building Products & Equipment,19.92,396801.0,915000000.0
NXDR,Communication Services,Internet Content & Information,1.37,1893746.0,531179999.99999994
NXTT,Technology,Software - Application,1.57,248644.0,119740000.0
OBAI,Technology,Software - Infrastructure,1.2,675846.0,24800000.0
OBE,Energy,Oil & Gas E&P,9.05,491343.0,609160000.0
OCFC,Financial,Banks - Regional,18.87,357919.0,1080000000.0
OCGN,Healthcare,Biotechnology,1.76,6469260.0,577100000.0
OCSL,Financial,Asset Management,11.97,1122814.0,1050000000.0
OCUL,Healthcare,Biotechnology,8.79,3119193.0,1910000000.0
ODD,Consumer Defensive,Household & Personal Products,14.53,1354203.0,823220000.0
ODV,Basic Materials,Gold,3.3,1136139.0,1010000000.0
OEC,Basic Materials,Specialty Chemicals,6.73,508664.0,378720000.0
OFRM,Consumer Defensive,Packaged Foods,14.92,358019.0,624850000.0
OGI,Healthcare,Drug Manufacturers - Specialty & Generic,1.4,358920.0,190880000.0
OI,Consumer Cyclical,Packaging & Containers,10.76,925820.0,1640000000.0
OIS,Energy,Oil & Gas Equipment & Services,11.55,517732.0,695380000.0
OLMA,Healthcare,Biotechnology,16.1,1211458.0,1400000000.0
OLPX,Consumer Cyclical,Specialty Retail,2.02,4634136.0,1350000000.0
OM,Healthcare,Medical Devices,4.2,103991.0,76820000.0
OMCL,Healthcare,Health Information Services,34.4,325774.0,1560000000.0
OMDA,Healthcare,Health Information Services,11.41,541582.0,672340000.0
OMER,Healthcare,Biotechnology,11.49,962733.0,827240000.0
ONCO,Healthcare,Biotechnology,1.09,12791300.0,760000.0
OPK,Healthcare,Diagnostics & Research,1.16,1479760.0,880520000.0
OPRA,Communication Services,Internet Content & Information,14.75,469127.0,1320000000.0
OPRT,Financial,Credit Services,4.91,460940.0,218500000.0
OPTU,Communication Services,Telecom Services,1.32,1024817.0,620970000.0
OPTX,Technology,Electronic Components,9.35,1218839.0,345900000.0
ORC,Real Estate,REIT - Mortgage,7.2,3431868.0,1370000000.0
ORGO,Healthcare,Drug Manufacturers - Specialty & Generic,2.38,2537189.0,306160000.0
ORIC,Healthcare,Biotechnology,10.15,2104116.0,1020000000.0
ORKT,Technology,Software - Application,1.01,124521.0,17240000.0
OSG,Financial,Insurance - Specialty,3.94,796708.0,177110000.0
OSPN,Technology,Software - Infrastructure,10.6,440486.0,397150000.0
OSS,Technology,Computer Hardware,7.8,795725.0,192950000.0
OSTX,Healthcare,Biotechnology,1.3,518033.0,54650000.0
OSUR,Healthcare,Medical Instruments & Supplies,2.96,250928.0,204610000.0
OUST,Technology,Electronic Components,20.69,1245381.0,1300000000.0
OVID,Healthcare,Biotechnology,2.75,3434537.0,362660000.0
OXLC,Financial,Closed-End Fund - Debt,9.75,867346.0,951600000.0
OXSQ,Financial,Asset Management,1.87,983162.0,163650000.0
PACB,Healthcare,Medical Devices,1.34,3572815.0,404680000.0
PACK,Consumer Cyclical,Packaging & Containers,3.79,421901.0,321090000.0
PALI,Healthcare,Biotechnology,1.82,5108399.0,301910000.0
PANL,Industrials,Marine Shipping,7.29,319857.0,476170000.0
PAR,Technology,Software - Application,11.82,4032401.0,507820000.0
PAVM,Healthcare,Medical Devices,9.24,7528.0,58980000.0
PAVS,Consumer Defensive,Packaged Foods,1.8,6010493.0,1780000.0
PAX,Financial,Asset Management,12.31,683366.0,1960000000.0
PAYO,Technology,Software - Infrastructure,4.64,2998770.0,1600000000.0
PAYS,Technology,Software - Infrastructure,5.23,1509314.0,288620000.0
PBI,Industrials,Integrated Freight & Logistics,11.38,1941433.0,1710000000.0
PCRX,Healthcare,Drug Manufacturers - Specialty & Generic,23.79,249059.0,963250000.0
PCT,Industrials,Pollution & Treatment Controls,5.94,3438623.0,1070000000.0000001
PD,Technology,Software - Application,5.73,2424522.0,486930000.0
PDM,Real Estate,REIT - Office,7.12,1375883.0,890140000.0
PDO,Financial,Closed-End Fund - Debt,13.37,686661.0,1910000000.0
PDSB,Healthcare,Biotechnology,1.08,994577.0,60280000.0
PDYN,Technology,Software - Infrastructure,6.48,639645.0,301290000.0
PEB,Real Estate,REIT - Hotel & Motel,13.62,2504011.0,1540000000.0
PENG,Technology,Information Technology Services,23.02,963368.0,1170000000.0
PEPG,Healthcare,Biotechnology,1.64,1035206.0,113350000.0
PEW,Industrials,Aerospace & Defense,2.9,103571.0,85580000.0
PFLT,Financial,Asset Management,8.42,691093.0,835410000.0
PFN,Financial,Closed-End Fund - Debt,7.06,290443.0,689300000.0
PGEN,Healthcare,Biotechnology,4.16,2824472.0,1470000000.0
PGNY,Healthcare,Healthcare Plans,16.3,938251.0,1340000000.0
PGY,Technology,Software - Infrastructure,11.69,2070860.0,964730000.0
PHAT,Healthcare,Biotechnology,12.63,1441122.0,995230000.0
PHGE,Healthcare,Biotechnology,2.89,151475.0,18910000.0
PHIO,Healthcare,Biotechnology,1.21,184796.0,14060000.0
PHK,Financial,Closed-End Fund - Debt,4.65,1098268.0,842910000.0
PHR,Healthcare,Health Information Services,8.06,2622985.0,489750000.0
PICS,Technology,Software - Infrastructure,11.93,213774.0,1550000000.0
PKST,Real Estate,REIT - Office,20.92,259882.0,777960000.0
PLAY,Communication Services,Entertainment,12.88,864155.0,447440000.0
PLBY,Consumer Cyclical,Leisure,1.59,461333.0,182630000.0
PLG,Basic Materials,Other Precious Metals & Mining,1.82,904722.0,224610000.0
PLRX,Healthcare,Biotechnology,1.28,546209.0,79250000.0
PLTK,Communication Services,Electronic Gaming & Multimedia,3.13,1120816.0,1190000000.0
PLX,Healthcare,Biotechnology,2.3,394186.0,185310000.0
PLYX,Healthcare,Biotechnology,5.68,99050.0,268890000.0
PMT,Real Estate,REIT - Mortgage,11.89,1148777.0,1030000000.0
PMVP,Healthcare,Biotechnology,1.32,259218.0,70390000.0
PNNT,Financial,Asset Management,4.46,561609.0,291220000.0
POAS,Healthcare,Medical Devices,1.9,13218.0,54020000.0
POET,Technology,Semiconductors,7.04,17914229.0,1080000000.0
POLA,Industrials,Electrical Equipment & Parts,1.82,97426.0,4840000.0
POWW,Industrials,Aerospace & Defense,2.05,226102.0,240440000.0
PRA,Financial,Insurance - Property & Casualty,24.38,608358.0,1260000000.0
PRAA,Financial,Credit Services,19.12,182925.0,735230000.0
PRCH,Financial,Insurance - Property & Casualty,6.76,1081101.0,717570000.0
PRCT,Healthcare,Medical Devices,23.2,1129808.0,1310000000.0
PRFX,Healthcare,Drug Manufacturers - Specialty & Generic,2.65,109873.0,2240000.0
PRG,Industrials,Rental & Leasing Services,29.41,222709.0,1180000000.0
PRGO,Healthcare,Drug Manufacturers - Specialty & Generic,10.86,1937412.0,1490000000.0
PRGS,Technology,Software - Infrastructure,26.65,798634.0,1120000000.0
PRKS,Consumer Cyclical,Leisure,37.33,1035941.0,1820000000.0
PRME,Healthcare,Biotechnology,3.43,1684567.0,619290000.0
PROK,Healthcare,Biotechnology,1.95,1750134.0,588740000.0
PROP,Energy,Oil & Gas E&P,1.44,12882173.0,110270000.0
PRSO,Technology,Semiconductors,1.0,425803.0,12630000.0
PRTA,Healthcare,Biotechnology,10.5,319029.0,565250000.0
PSEC,Financial,Asset Management,2.62,2489202.0,1270000000.0
PSIX,Industrials,Specialty Industrial Machinery,77.64,545163.0,1790000000.0
PSNL,Healthcare,Diagnostics & Research,6.02,1424864.0,629880000.0
PTLO,Consumer Cyclical,Restaurants,5.78,711666.0,436440000.0
PTON,Consumer Cyclical,Leisure,4.62,6875454.0,1970000000.0
PUBM,Technology,Software - Application,8.47,519888.0,401520000.0
PUMP,Energy,Oil & Gas Equipment & Services,13.83,2132380.0,1690000000.0
PURR,Financial,Capital Markets,6.01,4421557.0,745040000.0
PWP,Financial,Capital Markets,20.43,826956.0,1880000000.0
PYXS,Healthcare,Biotechnology,1.7,719517.0,106810000.0
PZG,Basic Materials,Gold,1.67,489461.0,139970000.0
PZZA,Consumer Cyclical,Restaurants,35.63,480975.0,1170000000.0
QADRU,Financial,Shell Companies,9.91,54949.0,198200000.0
QCLS,Technology,Computer Hardware,3.57,117753.0,28040000.0
QDEL,Healthcare,Medical Devices,13.85,2498504.0,942930000.0
QFIN,Financial,Credit Services,13.58,1279173.0,1510000000.0
QMCO,Technology,Computer Hardware,6.04,193965.0,88410000.0
QNST,Communication Services,Advertising Agencies,11.98,509302.0,682790000.0
QTRX,Healthcare,Medical Devices,3.36,677353.0,157720000.0
QUBT,Technology,Computer Hardware,7.06,7872187.0,1590000000.0
QURE,Healthcare,Biotechnology,15.38,3253041.0,947470000.0
RAMP,Technology,Software - Infrastructure,25.75,556481.0,1630000000.0
RBBN,Technology,Software - Application,2.47,2800100.0,433740000.0
RBNE,Energy,Oil & Gas Midstream,1.68,1410036.0,4700000.0
RC,Real Estate,REIT - Mortgage,1.58,1588244.0,257350000.00000003
RCAT,Industrials,Aerospace & Defense,12.37,7916488.0,1500000000.0
RCKT,Healthcare,Biotechnology,3.49,2332772.0,380840000.0
RDW,Industrials,Aerospace & Defense,9.29,14224915.0,1780000000.0
REAL,Consumer Cyclical,Luxury Goods,9.69,1963423.0,1150000000.0
REAX,Real Estate,Real Estate Services,2.44,640635.0,518080000.00000006
REI,Energy,Oil & Gas E&P,1.35,5020083.0,282680000.0
RENX,Real Estate,Real Estate - Development,2.4,258452.0,6020000.0
REPL,Healthcare,Biotechnology,4.76,2941489.0,393050000.0
RERE,Consumer Cyclical,Internet Retail,4.46,1233586.0,587470000.0
RES,Energy,Oil & Gas Equipment & Services,6.62,1235875.0,1470000000.0
REVB,Healthcare,Biotechnology,1.17,94192.0,4350000.0
RGNX,Healthcare,Biotechnology,8.8,480514.0,454190000.0
RILY,Financial,Financial Conglomerates,7.23,453150.0,254140000.0
RIME,Technology,Consumer Electronics,1.06,645217.0,15530000.0
RLJ,Real Estate,REIT - Hotel & Motel,7.85,1232295.0,1200000000.0
RLMD,Healthcare,Biotechnology,7.29,1763878.0,764650000.0
RLX,Consumer Defensive,Tobacco,2.09,2402261.0,1900000000.0
RNW,Utilities,Utilities - Renewable,4.9,1376919.0,1780000000.0
ROLR,Consumer Cyclical,Gambling,4.29,106843.0,46720000.0
ROMA,Industrials,Consulting Services,4.68,169166.0,278760000.0
RPAY,Technology,Software - Infrastructure,3.01,1844747.0,263240000.0
RPC,Financial,Asset Management,7.08,364851.0,775300000.0
RPD,Technology,Software - Infrastructure,5.07,2511712.0,334080000.0
RR,Industrials,Specialty Industrial Machinery,2.01,4892747.0,449430000.0
RSKD,Technology,Software - Application,4.0,643635.0,592820000.0
RVI,Financial,Asset Management,25.45,231024.0,321180000.0
RVLV,Consumer Cyclical,Internet Retail,24.56,570446.0,1750000000.0
RWT,Real Estate,REIT - Mortgage,5.93,659341.0,741190000.0
RXRX,Healthcare,Biotechnology,3.28,8566636.0,1730000000.0
RXST,Healthcare,Medical Devices,6.83,422578.0,281850000.0
RXT,Technology,Software - Infrastructure,1.32,19809761.0,325930000.0
RYAM,Basic Materials,Chemicals,9.54,549077.0,642930000.0
RYDE,Technology,Software - Application,1.15,2363071.0,139890000.0
RYZ,Industrials,Metal Fabrication,24.64,173526.0,1270000000.0
RZLT,Healthcare,Biotechnology,3.64,2469904.0,348340000.0
RZLV,Technology,Software - Infrastructure,2.38,15068721.0,949210000.0
SABR,Technology,Software - Infrastructure,1.52,2630463.0,600650000.0
SABS,Healthcare,Biotechnology,3.75,197564.0,191070000.0
SANA,Healthcare,Biotechnology,3.09,1376959.0,824620000.0
SATL,Industrials,Aerospace & Defense,7.33,14109586.0,1050000000.0
SB,Industrials,Marine Shipping,6.43,417550.0,657430000.0
SBET,Financial,Capital Markets,6.52,8181064.0,1290000000.0
SBH,Consumer Cyclical,Specialty Retail,13.77,1398335.0,1340000000.0
SCYX,Healthcare,Drug Manufacturers - Specialty & Generic,1.0,601415.0,44660000.0
SCZM,Basic Materials,Other Industrial Metals & Mining,7.99,395449.0,735240000.0
SDEV,Financial,Asset Management,1.6,424594.0,42600000.0
SDGR,Healthcare,Health Information Services,11.37,1123321.0,839390000.0
SEMR,Technology,Software - Application,11.94,1560046.0,1800000000.0
SER,Healthcare,Biotechnology,1.98,136476.0,24380000.0
SERV,Industrials,Specialty Industrial Machinery,8.26,1983577.0,625200000.0
SES,Consumer Cyclical,Auto Parts,1.0,6030708.0,366620000.0
SEV,Consumer Cyclical,Auto Manufacturers,2.71,164652.0,99180000.0
SFIX,Consumer Cyclical,Apparel Retail,3.07,1836219.0,419120000.0
SFL,Industrials,Marine Shipping,10.84,1082889.0,1570000000.0
SG,Consumer Cyclical,Restaurants,6.16,5411867.0,731780000.0
SGML,Basic Materials,Other Industrial Metals & Mining,14.85,1887136.0,1650000000.0
SGMT,Healthcare,Biotechnology,5.3,392384.0,169690000.0
SGRY,Healthcare,Medical Care Facilities,12.91,833167.0,1670000000.0
SHLS,Technology,Solar,6.98,3302618.0,1170000000.0
SHMD,Industrials,Specialty Industrial Machinery,5.42,349077.0,263890000.0
SHO,Real Estate,REIT - Hotel & Motel,9.55,2900829.0,1810000000.0
SIBN,Healthcare,Medical Devices,12.84,1008479.0,567080000.0
SID,Basic Materials,Steel,1.29,3174793.0,1710000000.0
SIDU,Industrials,Aerospace & Defense,4.25,47942851.0,282710000.0
SIGA,Healthcare,Drug Manufacturers - Specialty & Generic,4.36,753022.0,312370000.0
SITC,Real Estate,REIT - Retail,5.36,600319.0,281200000.0
SKYQ,Energy,Oil & Gas Integrated,12.59,44443675.0,47310000.0
SKYT,Technology,Semiconductors,28.78,931377.0,1410000000.0
SKYX,Industrials,Electrical Equipment & Parts,1.12,766815.0,149270000.0
SLDB,Healthcare,Biotechnology,8.02,647591.0,789100000.0
SLDP,Consumer Cyclical,Auto Parts,2.95,2831793.0,650710000.0
SLI,Basic Materials,Other Industrial Metals & Mining,3.42,1160343.0,831130000.0
SLS,Healthcare,Biotechnology,4.76,3922483.0,854810000.0
SMA,Real Estate,REIT - Industrial,31.98,392508.0,1900000000.0
SMJF,Consumer Cyclical,Textile Manufacturing,3.35,2176106.0,92120000.0
SMPL,Consumer Defensive,Packaged Foods,10.44,8655148.0,944710000.0
SMRT,Technology,Software - Application,1.41,595017.0,271040000.0
SMWB,Technology,Software - Application,2.33,624401.0,202620000.0
SMX,Industrials,Specialty Business Services,6.37,2701559.0,18440000.0
SNBR,Consumer Cyclical,"Furnishings, Fixtures & Appliances",1.41,1534803.0,32240000.000000004
SNCY,Industrials,Airlines,17.32,304332.0,938600000.0
SNDL,Consumer Defensive,Beverages - Wineries & Distilleries,1.42,1753908.0,368060000.0
SOC,Energy,Oil & Gas Drilling,13.14,2012291.0,1930000000.0
SONO,Technology,Consumer Electronics,12.97,686986.0,1570000000.0
SPCE,Industrials,Aerospace & Defense,3.02,14309254.0,245850000.0
SPHL,Consumer Cyclical,Residential Construction,2.68,39083.0,32860000.0
SPIR,Industrials,Specialty Business Services,21.56,6207241.0,754850000.0
SPRY,Healthcare,Biotechnology,8.05,722348.0,799340000.0
SPSC,Technology,Software - Application,51.45,639190.0,1920000000.0
SPT,Technology,Software - Application,4.99,2404123.0,297610000.0
SPWH,Consumer Cyclical,Specialty Retail,1.48,1241385.0,57430000.0
SPWR,Technology,Solar,1.16,734972.0,138670000.0
SRFM,Industrials,Airlines,1.13,1652165.0,87000000.0
SRTA,Healthcare,Medical Care Facilities,4.04,548721.0,351440000.0
SSP,Communication Services,Broadcasting,4.11,359386.0,375690000.0
SST,Industrials,Specialty Business Services,2.56,766549.0,25340000.0
SSYS,Technology,Computer Hardware,8.35,485023.0,719540000.0
STAA,Healthcare,Medical Instruments & Supplies,26.44,1738468.0,1310000000.0
STEL,Financial,Banks - Regional,37.43,293653.0,1900000000.0
STEX,Financial,Capital Markets,1.06,1786576.0,103580000.0
STGW,Communication Services,Advertising Agencies,6.27,980253.0,1590000000.0
STIM,Healthcare,Medical Devices,1.35,2039866.0,93520000.0
STKL,Consumer Defensive,Beverages - Non-Alcoholic,6.48,309526.0,766960000.0
STSS,Healthcare,Medical Instruments & Supplies,1.67,281298.0,64569999.99999999
STTK,Healthcare,Biotechnology,6.92,471900.0,495220000.0
SUIG,Financial,Credit Services,1.15,265104.0,88320000.0
SUNE,Technology,Solar,1.63,253777.0,5550000.0
SUPV,Financial,Banks - Regional,9.7,543964.0,766300000.0
SVC,Real Estate,REIT - Hotel & Motel,1.26,17892137.0,736750000.0
SVRA,Healthcare,Biotechnology,5.66,1801768.0,1160000000.0
SVV,Consumer Cyclical,Specialty Retail,8.08,979035.0,1250000000.0
SWBI,Industrials,Aerospace & Defense,14.34,840385.0,638040000.0
SWIM,Industrials,Building Products & Equipment,5.75,422513.0,672520000.0
SWMR,Technology,Software - Infrastructure,40.09,1047903.0,513150000.0
SWVL,Industrials,Railroads,1.48,7342.0,15920000.0
SXC,Basic Materials,Coking Coal,6.26,892968.0,530010000.0
SXTP,Healthcare,Biotechnology,1.76,51211.0,4640000.0
SY,Healthcare,Health Information Services,2.58,456826.0,218320000.0
TALK,Healthcare,Health Information Services,5.17,1332022.0,863780000.0
TARA,Healthcare,Biotechnology,4.96,686197.0,268260000.0
TASK,Technology,Information Technology Services,6.47,269908.0,585930000.0
TBLA,Communication Services,Internet Content & Information,3.35,1052378.0,929950000.0
TBPH,Healthcare,Biotechnology,16.35,361592.0,841910000.0
TCPC,Financial,Asset Management,3.84,628506.0,323830000.0
TCRX,Healthcare,Biotechnology,1.05,1118651.0,59750000.0
TDAY,Communication Services,Publishing,6.98,1541760.0,1030000000.0
TDOC,Healthcare,Health Information Services,5.1,3312065.0,909820000.0
TDUP,Consumer Cyclical,Internet Retail,3.76,1878777.0,477660000.0
TE,Industrials,Electrical Equipment & Parts,4.69,16031469.0,1310000000.0
TENB,Technology,Software - Infrastructure,16.04,3669018.0,1840000000.0
TH,Industrials,Specialty Business Services,14.46,1021555.0,1450000000.0
THM,Basic Materials,Gold,2.6,892683.0,678810000.0
THR,Industrials,Specialty Industrial Machinery,53.65,262117.0,1760000000.0
THRY,Technology,Software - Application,2.9,281210.0,128080000.00000001
TIC,Industrials,Specialty Business Services,7.15,1784098.0,1580000000.0
TIGR,Financial,Capital Markets,6.65,1987319.0,1140000000.0
TII,Basic Materials,Other Industrial Metals & Mining,2.76,109924.0,271280000.0
TILE,Consumer Cyclical,"Furnishings, Fixtures & Appliances",27.19,431192.0,1580000000.0
TK,Energy,Oil & Gas Midstream,12.33,372679.0,1070000000.0000001
TLRY,Healthcare,Drug Manufacturers - Specialty & Generic,6.57,1799010.0,765720000.0
TLS,Technology,Software - Infrastructure,3.96,480393.0,293900000.0
TLYS,Consumer Cyclical,Apparel Retail,5.05,486336.0,153900000.0
TMC,Basic Materials,Other Industrial Metals & Mining,4.34,3545209.0,1880000000.0
TMCI,Healthcare,Medical Devices,1.81,10548168.0,116910000.0
TMQ,Basic Materials,Other Industrial Metals & Mining,3.88,2419367.0,681130000.0
TNDM,Healthcare,Medical Devices,19.18,924927.0,1310000000.0
TNET,Industrials,Staffing & Employment Services,34.63,307904.0,1640000000.0
TNMG,Communication Services,Publishing,1.25,14176.0,3200000.0
TOI,Healthcare,Medical Care Facilities,3.08,1286470.0,304420000.0
TRIN,Financial,Asset Management,15.12,850585.0,1260000000.0
TRIP,Consumer Cyclical,Travel Services,10.92,2641283.0,1250000000.0
TRNR,Consumer Cyclical,Personal Services,1.19,182212.0,2450000.0
TRON,Consumer Cyclical,Leisure,2.49,1203759.0,683210000.0
TROX,Basic Materials,Chemicals,9.08,2406500.0,1450000000.0
TRTX,Real Estate,REIT - Mortgage,8.07,439693.0,632320000.0
TRVI,Healthcare,Biotechnology,13.19,973542.0,1690000000.0
TRX,Basic Materials,Gold,1.54,3106046.0,441920000.0
TSHA,Healthcare,Biotechnology,4.49,1564093.0,1290000000.0
TSLX,Financial,Asset Management,18.06,494031.0,1720000000.0
TSSI,Technology,Information Technology Services,12.42,1415017.0,344950000.0
TTEC,Technology,Information Technology Services,2.3,346666.0,111700000.0
TTI,Industrials,Conglomerates,8.46,2107645.0,1140000000.0
TURB,Technology,Solar,2.15,795018.0,23690000.0
TUYA,Technology,Software - Infrastructure,2.33,541785.0,1270000000.0
TV,Communication Services,Telecom Services,2.98,1380071.0,1300000000.0
TWG,Consumer Defensive,Food Distribution,3.54,7910.0,5190000.0
TWI,Industrials,Farm & Heavy Construction Machinery,8.36,581842.0,535240000.0
TWO,Real Estate,REIT - Mortgage,11.02,990808.0,1160000000.0
TYGO,Technology,Solar,3.62,296832.0,273690000.0
TYRA,Healthcare,Biotechnology,35.26,875339.0,1900000000.0
UAMY,Basic Materials,Other Industrial Metals & Mining,8.36,10838686.0,1200000000.0
UCAR,Consumer Cyclical,Auto & Truck Dealerships,2.33,50269641.0,5740000.0
UDMY,Consumer Defensive,Education & Training Services,4.29,1291781.0,625590000.0
UGRO,Industrials,Farm & Heavy Construction Machinery,16.54,1330140.0,12430000.0
UIS,Technology,Information Technology Services,2.0,827050.0,144650000.0
ULCC,Industrials,Airlines,3.82,3366418.0,877110000.0
UMAC,Technology,Computer Hardware,13.7,3804635.0,533770000.0
UMH,Real Estate,REIT - Residential,15.65,1416680.0,1330000000.0
UNCY,Healthcare,Biotechnology,6.63,276490.0,167330000.0
UPB,Healthcare,Biotechnology,10.49,733145.0,570870000.0
UPBD,Technology,Software - Application,18.39,631575.0,1070000000.0000001
UPWK,Communication Services,Internet Content & Information,10.66,3519570.0,1390000000.0
UPXI,Communication Services,Internet Content & Information,1.1,2331650.0,76280000.0
URG,Energy,Uranium,1.5,5893832.0,595990000.0
URGN,Healthcare,Biotechnology,21.57,1067792.0,1050000000.0
UROY,Energy,Uranium,3.58,980743.0,524400000.0
USA,Financial,Closed-End Fund - Equity,5.73,1005515.0,1730000000.0
USAS,Basic Materials,Other Industrial Metals & Mining,5.61,3102296.0,1830000000.0
UTI,Consumer Defensive,Education & Training Services,35.58,527216.0,1960000000.0
UTZ,Consumer Defensive,Packaged Foods,7.55,1255744.0,1090000000.0
VCEL,Healthcare,Biotechnology,33.7,239650.0,1720000000.0
VCIG,Industrials,Consulting Services,1.11,216984.0,7360000.0
VELO,Technology,Computer Hardware,10.05,1245988.0,263480000.00000003
VERI,Technology,Software - Infrastructure,1.88,1473030.0,172600000.0
VERX,Technology,Software - Application,10.8,1199278.0,1730000000.0
VET,Energy,Oil & Gas E&P,12.4,1125593.0,1900000000.0
VFF,Consumer Defensive,Farm Products,2.73,479308.0,314240000.0
VGZ,Basic Materials,Gold,2.0,889617.0,289900000.0
VIA,Technology,Software - Application,14.52,827492.0,1180000000.0
VIR,Healthcare,Biotechnology,9.5,1408193.0,1520000000.0
VITL,Consumer Defensive,Farm Products,13.04,2269851.0,584150000.0
VIVO,Technology,Software - Infrastructure,2.4,156793.0,40300000.0
VIVS,Healthcare,Biotechnology,1.45,22517.0,3780000.0
VLN,Technology,Semiconductors,1.33,637698.0,140040000.0
VLRS,Industrials,Airlines,7.72,641245.0,886720000.0
VNDA,Healthcare,Biotechnology,7.22,854180.0,426760000.0
VOR,Healthcare,Biotechnology,15.47,525643.0,755670000.0
VOXR,Basic Materials,Other Precious Metals & Mining,5.64,241129.0,388600000.0
VOYG,Industrials,Aerospace & Defense,29.78,1655571.0,1760000000.0
VRDN,Healthcare,Biotechnology,14.95,2412063.0,1530000000.0
VRE,Real Estate,REIT - Residential,18.9,1282632.0,1770000000.0
VSTM,Healthcare,Biotechnology,5.31,1597384.0,466400000.0
VSTS,Industrials,Rental & Leasing Services,8.66,750654.0,1140000000.0
VTAK,Healthcare,Medical Devices,1.19,285623.0,3200000.0
VTEX,Technology,Software - Application,4.03,773894.0,697160000.0
VTS,Energy,Oil & Gas E&P,18.34,509424.0,729510000.0
VUZI,Technology,Consumer Electronics,2.4,408136.0,199580000.0
VVR,Financial,Closed-End Fund - Debt,3.13,454655.0,481790000.0
VYGR,Healthcare,Biotechnology,3.74,787414.0,222900000.0
VYX,Technology,Information Technology Services,6.4,2061438.0,889670000.0
VZLA,Basic Materials,Other Industrial Metals & Mining,3.25,4828398.0,1140000000.0
WB,Communication Services,Internet Content & Information,8.81,721650.0,1380000000.0
WBI,Energy,Oil & Gas Equipment & Services,26.28,437051.0,1140000000.0
WBUY,Consumer Cyclical,Internet Retail,1.17,308357.0,4380000.0
WEAV,Healthcare,Health Information Services,4.63,1054752.0,364140000.0
WEN,Consumer Cyclical,Restaurants,6.89,7163975.0,1310000000.0
WERN,Industrials,Trucking,32.36,997899.0,1940000000.0
WGO,Consumer Cyclical,Recreational Vehicles,33.04,361695.0,933900000.0
WGS,Healthcare,Diagnostics & Research,59.62,663951.0,1750000000.0
WKC,Energy,Oil & Gas Refining & Marketing,23.37,446944.0,1200000000.0
WLTH,Technology,Software - Application,9.9,830880.0,1490000000.0
WLY,Communication Services,Publishing,38.45,420254.0,1970000000.0
WNC,Industrials,Farm & Heavy Construction Machinery,9.2,388292.0,372020000.0
WOLF,Technology,Semiconductors,23.22,3241462.0,1050000000.0
WOOF,Consumer Cyclical,Specialty Retail,2.79,1388529.0,793350000.0
WORX,Healthcare,Health Information Services,1.53,376904.0,1630000.0
WRN,Basic Materials,Other Industrial Metals & Mining,2.75,1831411.0,620480000.0
WTI,Energy,Oil & Gas E&P,2.76,5724618.0,410630000.0
WVE,Healthcare,Biotechnology,7.18,1865508.0,1350000000.0
WWW,Consumer Cyclical,Footwear & Accessories,16.99,828377.0,1380000000.0
WYFI,Technology,Software - Application,14.5,1273377.0,556300000.0
XERS,Healthcare,Biotechnology,5.85,942136.0,1010000000.0
XHLD,Communication Services,Broadcasting,1.37,12844.0,5450000.0
XHR,Real Estate,REIT - Hotel & Motel,15.86,578836.0,1460000000.0
XIFR,Utilities,Utilities - Renewable,10.24,441411.0,1970000000.0
XNCR,Healthcare,Biotechnology,12.42,530508.0,910870000.0
XPOF,Consumer Cyclical,Leisure,7.6,432652.0,372210000.0
XPRO,Energy,Oil & Gas Equipment & Services,16.69,528510.0,1900000000.0
XRX,Industrials,Business Equipment & Supplies,1.22,2062386.0,156910000.0
XTIA,Industrials,Aerospace & Defense,1.94,993143.0,66950000.0
XWEL,Healthcare,Diagnostics & Research,1.19,126146.0,9430000.0
XWIN,Consumer Cyclical,"Furnishings, Fixtures & Appliances",7.21,620271.0,310550000.0
YELP,Communication Services,Internet Content & Information,25.46,754906.0,1520000000.0
YEXT,Technology,Software - Infrastructure,3.34,2285249.0,411970000.0
YYGH,Consumer Cyclical,Personal Services,1.45,539265.0,13450000.0
ZBIO,Healthcare,Biotechnology,20.44,384652.0,1170000000.0
ZD,Communication Services,Advertising Agencies,43.72,547663.0,1650000000.0
ZENA,Technology,Software - Infrastructure,2.17,1171495.0,103470000.0
ZIP,Communication Services,Internet Content & Information,2.0,834461.0,168830000.0
ZNTL,Healthcare,Biotechnology,6.61,46110769.0,468850000.0
ZURA,Healthcare,Biotechnology,5.65,500372.0,536080000.00000006
ZVIA,Consumer Defensive,Beverages - Non-Alcoholic,1.17,151652.0,87870000.0
ZVRA,Healthcare,Biotechnology,9.47,690587.0,556000000.0
ZYME,Healthcare,Biotechnology,26.32,532512.0,1960000000.0
